{
    "train_rmse": 0.041483111903077824,
    "test_rmse": 0.13741342766712034,
    "train_mae": 0.015582064535581105,
    "test_mae": 0.027491639821859502,
    "train_r2": 0.9992197508405073,
    "test_r2": 0.9924992701857309,
    "train_mape": 0.01654941933890233,
    "test_mape": 0.05841994053864514,
    "train_within_10pct": 0.9863574351978172,
    "test_within_10pct": 0.9728260869565217,
    "cv_rmse_mean": 0.08953741455487668,
    "cv_rmse_std": 0.07945713526556625,
    "training_time": 0.1381397247314453,
    "train_rmse_orig": 248.93452943195814,
    "test_rmse_orig": 207.63823108224923,
    "train_mae_orig": 108.01261788653446,
    "test_mae_orig": 93.47665637223827,
    "model_quality": "good"
}