{
    "train_rmse": 0.024245064359621888,
    "test_rmse": 0.18428094478539814,
    "train_mae": 0.014847049618696657,
    "test_mae": 0.03751328088638213,
    "train_r2": 0.9997394581289865,
    "test_r2": 0.9851436853584186,
    "train_mape": 0.015022881039865764,
    "test_mape": 0.07138024486923293,
    "train_within_10pct": 0.9880952380952381,
    "test_within_10pct": 0.9841269841269841,
    "cv_rmse_mean": 0.036601718210732034,
    "cv_rmse_std": 0.009145870404267939,
    "training_time": 0.27676868438720703,
    "train_rmse_orig": 145.33963547341756,
    "test_rmse_orig": 121.39847566774743,
    "train_mae_orig": 68.0823232111839,
    "test_mae_orig": 57.70756969149031,
    "model_quality": "good"
}