{
    "train_rmse": 0.022264594063190996,
    "test_rmse": 0.023296789298967932,
    "train_mae": 0.010687376639493243,
    "test_mae": 0.011117544133291968,
    "train_r2": 0.9997378995473971,
    "test_r2": 0.9996971920394352,
    "train_mape": 0.015025285518619999,
    "test_mape": 0.015947501306492206,
    "train_within_10pct": 0.9918478260869565,
    "test_within_10pct": 0.9913232104121475,
    "cv_rmse_mean": 0.044213475719754626,
    "cv_rmse_std": 0.020038622259796135,
    "training_time": 1.6924688816070557,
    "train_rmse_orig": 42.043601548619066,
    "test_rmse_orig": 37.54960679781776,
    "train_mae_orig": 18.54211846136996,
    "test_mae_orig": 17.148068552911482,
    "model_quality": "good"
}