{
    "category": "Audio",
    "predicted_market_price": 108.2668228149414,
    "manufacturing_cost": 80.0,
    "recommended_price": 86.95652173913044,
    "min_competitive_price": 70.37343482971191,
    "max_competitive_price": 81.20011711120605,
    "minimum_viable_price": 86.95652173913044,
    "profit_margin": 0.08000000000000003,
    "profit_margin_percentage": 8.000000000000004,
    "discount_from_market": 19.683131472543806,
    "market_saturation": "high",
    "brand_strength": "low",
    "price_elasticity": -1.5,
    "estimated_sales_impact": 29.52469720881571,
    "strategy": "Undercut Competitors Strategy",
    "market_position_percentile": 2.176089132610872
}