{
    "category": "Audio",
    "predicted_market_price": 108.32613372802734,
    "manufacturing_cost": 400.0,
    "recommended_price": 434.78260869565213,
    "min_competitive_price": 75.82829360961914,
    "max_competitive_price": 86.66090698242188,
    "minimum_viable_price": 434.78260869565213,
    "profit_margin": 0.0799999999999999,
    "profit_margin_percentage": 7.99999999999999,
    "discount_from_market": -301.36446647976356,
    "market_saturation": "medium",
    "brand_strength": "low",
    "price_elasticity": -1.5,
    "estimated_sales_impact": -452.04669971964535,
    "strategy": "Thin-Margin Volume Strategy",
    "market_position_percentile": 10.880445663054356
}