{
    "category": "Smartwatches",
    "predicted_market_price": 1695.8849670410157,
    "manufacturing_cost": 810.0,
    "recommended_price": 1271.9137252807618,
    "min_competitive_price": 1271.9137252807618,
    "max_competitive_price": 1441.5022219848634,
    "minimum_viable_price": 852.6315789473684,
    "profit_margin": 0.3631643531315767,
    "profit_margin_percentage": 36.31643531315767,
    "discount_from_market": 24.999999999999996,
    "market_saturation": "medium",
    "brand_strength": "medium",
    "price_elasticity": -1.5,
    "estimated_sales_impact": 37.49999999999999,
    "strategy": "Premium Brand Position",
    "market_position_percentile": 36.398489536851216
}