{
    "category": "Home Office",
    "predicted_market_price": 2095.234246826172,
    "manufacturing_cost": 900.0,
    "recommended_price": 1571.4256851196287,
    "min_competitive_price": 1571.4256851196287,
    "max_competitive_price": 1780.9491098022459,
    "minimum_viable_price": 1000.0,
    "profit_margin": 0.42727167531852756,
    "profit_margin_percentage": 42.72716753185276,
    "discount_from_market": 25.000000000000007,
    "market_saturation": "medium",
    "brand_strength": "medium",
    "price_elasticity": -1.5,
    "estimated_sales_impact": 37.500000000000014,
    "strategy": "Aggressive Market Entry",
    "market_position_percentile": 32.06032978733884
}