{
    "category": "Cameras",
    "predicted_market_price": 5766.18515625,
    "manufacturing_cost": 10000.0,
    "recommended_price": 10752.688172043012,
    "min_competitive_price": 5189.566640625,
    "max_competitive_price": 5766.18515625,
    "minimum_viable_price": 10752.688172043012,
    "profit_margin": 0.0700000000000001,
    "profit_margin_percentage": 7.000000000000001,
    "discount_from_market": 86.47837141317105,
    "market_saturation": "high",
    "brand_strength": "high",
    "price_elasticity": -1.2,
    "estimated_sales_impact": -15.0,
    "strategy": "Cost Reconsideration Required",
    "viability_issue": true,
    "recommended_max_cost": 4901.2573828125,
    "cost_reduction_needed": 5098.7426171875
}