{
    "category": "Cameras",
    "predicted_market_price": 5626.0330078125,
    "manufacturing_cost": 5000.0,
    "recommended_price": 5645.161290322581,
    "min_competitive_price": 5376.344086021506,
    "max_competitive_price": 5913.978494623657,
    "minimum_viable_price": 5376.344086021506,
    "profit_margin": 0.11428571428571441,
    "profit_margin_percentage": 11.428571428571441,
    "discount_from_market": 0.33999591690129455,
    "market_saturation": "medium",
    "brand_strength": "low",
    "price_elasticity": -1.2,
    "estimated_sales_impact": -15.0,
    "strategy": "Premium Cost Recovery",
    "high_cost_warning": true
}