{
    "category": "Computers",
    "predicted_market_price": 1130.23974609375,
    "manufacturing_cost": 600.0,
    "recommended_price": 791.167822265625,
    "min_competitive_price": 791.167822265625,
    "max_competitive_price": 904.191796875,
    "minimum_viable_price": 659.3406593406593,
    "profit_margin": 0.24162739798768346,
    "profit_margin_percentage": 24.162739798768346,
    "discount_from_market": 30.000000000000004,
    "market_saturation": "medium",
    "brand_strength": "low",
    "price_elasticity": -1.5,
    "estimated_sales_impact": 45.00000000000001,
    "strategy": "Aggressive Market Entry",
    "market_position_percentile": 29.0611742791485
}