{
    "category": "Kitchen Appliances",
    "predicted_market_price": 1094.2788452148438,
    "manufacturing_cost": 660.0,
    "recommended_price": 820.7091339111329,
    "min_competitive_price": 820.7091339111329,
    "max_competitive_price": 930.1370184326172,
    "minimum_viable_price": 717.391304347826,
    "profit_margin": 0.1958174062779891,
    "profit_margin_percentage": 19.58174062779891,
    "discount_from_market": 25.0,
    "market_saturation": "high",
    "brand_strength": "high",
    "price_elasticity": -1.5,
    "estimated_sales_impact": 37.5,
    "strategy": "Deep Discount Strategy",
    "market_position_percentile": 30.342346656855966
}