{
    "train_rmse": 0.03952804606044532,
    "test_rmse": 0.07100341517220754,
    "train_mae": 0.015093919806310394,
    "test_mae": 0.024061383283606977,
    "train_r2": 0.999415144434349,
    "test_r2": 0.9986509895380647,
    "train_mape": 0.02728072419627129,
    "test_mape": 0.05336456403696073,
    "train_within_10pct": 0.9842829076620825,
    "test_within_10pct": 0.9450980392156862,
    "cv_rmse_mean": 0.04970630733895371,
    "cv_rmse_std": 0.015636681958088913,
    "training_time": 0.4269554615020752,
    "train_rmse_orig": 169.65004635843795,
    "test_rmse_orig": 150.03416459342117,
    "train_mae_orig": 78.45028297551636,
    "test_mae_orig": 69.10649181392964,
    "model_quality": "good"
}