{
    "train_rmse": 0.04262228651201161,
    "test_rmse": 0.07777417416639394,
    "train_mae": 0.014492292736023215,
    "test_mae": 0.020834864875919786,
    "train_r2": 0.9990697988032708,
    "test_r2": 0.9968680577392499,
    "train_mape": 0.01543621111028239,
    "test_mape": 0.024556299907766,
    "train_within_10pct": 0.9867172675521821,
    "test_within_10pct": 0.9696969696969697,
    "cv_rmse_mean": 0.060523091603383906,
    "cv_rmse_std": 0.053503291021181176,
    "training_time": 0.139265775680542,
    "train_rmse_orig": 235.85670588883642,
    "test_rmse_orig": 260.94768446216705,
    "train_mae_orig": 107.62353539815905,
    "test_mae_orig": 124.09764788136151,
    "model_quality": "good"
}