{
    "train_rmse": 104.17128819583678,
    "test_rmse": 13271.621630517773,
    "train_mae": 50.09685032071832,
    "test_mae": 989.8733544551965,
    "train_r2": 0.9999594003928846,
    "test_r2": 0.729948990347695,
    "model_quality": "good"
}