{
    "train_rmse": 92.61873548639403,
    "test_rmse": 2018.6135092711825,
    "train_mae": 44.152330217040635,
    "test_mae": 312.8116438423715,
    "train_r2": 0.9999734055181314,
    "test_r2": 0.9884810548106329,
    "model_quality": "good"
}