{
    "train_rmse": 1.6928666474369007,
    "test_rmse": 1393.1723566015937,
    "train_mae": 1.1702698759232502,
    "test_mae": 232.0252466633009,
    "train_r2": 0.9999999832566349,
    "test_r2": 0.9878248089585493,
    "model_quality": "good"
}