{
    "train_rmse": 365.17883122631054,
    "test_rmse": 5038.412916045181,
    "train_mae": 53.52691857718087,
    "test_mae": 548.2625457509358,
    "train_r2": 0.9992212448810457,
    "test_r2": 0.9335841320166247,
    "model_quality": "good"
}