{
    "train_rmse": 104.98210070893062,
    "test_rmse": 459.29863186799525,
    "train_mae": 11.443639609005139,
    "test_mae": 62.616063728911755,
    "train_r2": 0.9986463981878928,
    "test_r2": 0.9750505449003776,
    "model_quality": "good"
}