{
    "train_rmse": 0.9134330264472036,
    "test_rmse": 4111.46853940202,
    "train_mae": 0.6416111883443735,
    "test_mae": 596.7838842970749,
    "train_r2": 0.9999999949249867,
    "test_r2": 0.8995670350479236,
    "model_quality": "good"
}