{
    "train_rmse": 64.02418225910243,
    "test_rmse": 416.42007471723474,
    "train_mae": 36.06413919888221,
    "test_mae": 114.98284997394038,
    "train_r2": 0.9999720992166934,
    "test_r2": 0.9986326187001744,
    "model_quality": "good"
}