{
    "train_rmse": 0.4657315370146916,
    "test_rmse": 1017.2099810153017,
    "train_mae": 0.3285107609430927,
    "test_mae": 141.36086459297664,
    "train_r2": 0.9999999893412442,
    "test_r2": 0.9716408473310456,
    "model_quality": "good"
}