{
    "train_rmse": 5.491812976914656,
    "test_rmse": 140.6159038586034,
    "train_mae": 2.3330903441471484,
    "test_mae": 29.47186020641792,
    "train_r2": 0.999980392412891,
    "test_r2": 0.992822404529419,
    "model_quality": "good"
}