{
    "train_rmse": 21.84285744410463,
    "test_rmse": 460.5478659800226,
    "train_mae": 11.017539938669353,
    "test_mae": 100.35598714919318,
    "train_r2": 0.9999970339630436,
    "test_r2": 0.998104481205175,
    "model_quality": "good"
}