{
    "train_rmse": 0.030805582760502683,
    "test_rmse": 0.03073276418631908,
    "train_mae": 0.015075344567474716,
    "test_mae": 0.016137838781253022,
    "train_r2": 0.9993712718981758,
    "test_r2": 0.9993550202902846,
    "train_mape": 0.016333874639714967,
    "test_mape": 0.015898356057353232,
    "train_within_10pct": 0.9840579710144928,
    "test_within_10pct": 0.9942196531791907,
    "cv_rmse_mean": 0.149022939341436,
    "cv_rmse_std": 0.14736430431776365,
    "training_time": 0.12663841247558594,
    "train_rmse_orig": 88.18189142028614,
    "test_rmse_orig": 101.0377592929352,
    "train_mae_orig": 37.677688075611314,
    "test_mae_orig": 46.6030144690363,
    "model_quality": "good"
}