{
    "train_rmse": 0.02480563364799294,
    "test_rmse": 0.10657100808221019,
    "train_mae": 0.0146128008951954,
    "test_mae": 0.030602070583956455,
    "train_r2": 0.9996866275880218,
    "test_r2": 0.9941369926752963,
    "train_mape": 0.015084708156891176,
    "test_mape": 0.03265644836872982,
    "train_within_10pct": 0.9923547400611621,
    "test_within_10pct": 0.9695121951219512,
    "cv_rmse_mean": 0.07438887593430123,
    "cv_rmse_std": 0.05314178969271924,
    "training_time": 0.11722397804260254,
    "train_rmse_orig": 135.60036357306228,
    "test_rmse_orig": 133.08279771677667,
    "train_mae_orig": 64.59849118083946,
    "test_mae_orig": 66.12819465753458,
    "model_quality": "good"
}