{
    "train_rmse": 0.026553734669632994,
    "test_rmse": 0.029668326786961737,
    "train_mae": 0.01429720958581482,
    "test_mae": 0.017731303312363896,
    "train_r2": 0.9993959281268012,
    "test_r2": 0.9992338852569902,
    "train_mape": 0.01497059793614338,
    "test_mape": 0.01758859464460735,
    "train_within_10pct": 0.9908116385911179,
    "test_within_10pct": 0.9817073170731707,
    "cv_rmse_mean": 0.05086585224859227,
    "cv_rmse_std": 0.028437410892111662,
    "training_time": 0.29199767112731934,
    "train_rmse_orig": 30.73834478962147,
    "test_rmse_orig": 36.26789950762718,
    "train_mae_orig": 13.019000625989987,
    "test_mae_orig": 16.910159188247178,
    "model_quality": "good"
}