{
    "train_rmse": 0.04603546374029776,
    "test_rmse": 0.031788071446445416,
    "train_mae": 0.01655125820365446,
    "test_mae": 0.016115674056583457,
    "train_r2": 0.9990325589781096,
    "test_r2": 0.99943264700273,
    "train_mape": 0.01981273735778312,
    "test_mape": 0.015836783178584626,
    "train_within_10pct": 0.9870317002881844,
    "test_within_10pct": 0.9827586206896551,
    "cv_rmse_mean": 0.08209415384148654,
    "cv_rmse_std": 0.0695699069161981,
    "training_time": 0.12046599388122559,
    "train_rmse_orig": 173.6307205808292,
    "test_rmse_orig": 206.95838822979488,
    "train_mae_orig": 76.10213961636798,
    "test_mae_orig": 83.59920108663484,
    "model_quality": "good"
}