{
    "train_rmse": 0.05150002332273438,
    "test_rmse": 0.03619837765515906,
    "train_mae": 0.017796516155760556,
    "test_mae": 0.020073692259088647,
    "train_r2": 0.9980290293949262,
    "test_r2": 0.9990250510146742,
    "train_mape": 0.018904645990611313,
    "test_mape": 0.019664445057417084,
    "train_within_10pct": 0.9895104895104895,
    "test_within_10pct": 0.9791666666666666,
    "cv_rmse_mean": 0.07876740662361985,
    "cv_rmse_std": 0.053384954807404496,
    "training_time": 0.13088750839233398,
    "train_rmse_orig": 94.36422494982644,
    "test_rmse_orig": 99.75008238012316,
    "train_mae_orig": 46.89907252385089,
    "test_mae_orig": 52.398719270494645,
    "model_quality": "good"
}